species,Family_name,Subfamily,Genus_name,Species_name,male_wing,winged,wingless,MonoHeteroecious,MonoPolyphagous,AntTended,PlantType,herbacious,woody
Adelgidae_Adelges_abietis,Adelgidae,,Adelges,abietis,NA,NA,NA,0,0,NA,NA,NA,NA
Adelgidae_Adelges_japonicus,Adelgidae,,Adelges,japonicus,NA,NA,NA,0,0,NA,NA,NA,NA
Adelgidae_Adelges_tardus,Adelgidae,,Adelges,tardus,NA,NA,NA,0,0,NA,NA,NA,NA
Adelgidae_Pineus_coloradensis,Adelgidae,,Pineus,coloradensis,NA,NA,NA,0,0,NA,NA,NA,NA
Adelgidae_Pineus_pineoides,Adelgidae,,Pineus,pineoides,NA,NA,NA,0,0,NA,NA,NA,NA
Adelgidae_Pineus_pini,Adelgidae,,Pineus,pini,NA,NA,NA,0,0,NA,NA,NA,NA
Adelgidae_Pineus_similis,Adelgidae,,Pineus,similis,NA,NA,NA,0,0,NA,NA,NA,NA
Adelgidae_Pineus_strobi,Adelgidae,,Pineus,strobi,NA,NA,NA,0,0,NA,NA,NA,NA
Aphididae_Acuticauda_solidaginifoliae,Aphididae,,Acuticauda,solidaginifoliae,2,0,1,0,0,0,0,1,0
Aphididae_Acyrthosiphon_caraganae,Aphididae,,Acyrthosiphon,caraganae,2,0,1,0,0,NA,2,0,1
Aphididae_Acyrthosiphon_chelidonii,Aphididae,,Acyrthosiphon,chelidonii,0,1,0,0,0,NA,0,1,0
Aphididae_Acyrthosiphon_kondoi,Aphididae,,Acyrthosiphon,kondoi,0,1,0,0,0,NA,NA,NA,NA
Aphididae_Acyrthosiphon_lactucae,Aphididae,,Acyrthosiphon,lactucae,0,1,0,0,0,NA,0,1,0
Aphididae_Acyrthosiphon_macrosiphum,Aphididae,,Acyrthosiphon,macrosiphum,0,1,0,0,0,NA,NA,NA,NA
Aphididae_Acyrthosiphon_malvae,Aphididae,,Acyrthosiphon,malvae,1,1,1,0,1,NA,0,1,0
Aphididae_Acyrthosiphon_pisum,Aphididae,,Acyrthosiphon,pisum,1,1,1,0,1,NA,1,1,1
Aphididae_Aleurosiphon_smilacifoliae,Aphididae,,Aleurosiphon,smilacifoliae,0,1,0,0,0,NA,NA,NA,NA
Aphididae_Amphicercidus_japonicus,Aphididae,,Amphicercidus,japonicus,0,1,0,0,0,NA,NA,NA,NA
Aphididae_Amphorophora_agathonica,Aphididae,,Amphorophora,agathonica,0,1,0,0,0,NA,1,1,1
Aphididae_Amphorophora_ampullata,Aphididae,,Amphorophora,ampullata,0,1,0,0,1,NA,0,1,0
Aphididae_Amphorophora_idaei,Aphididae,,Amphorophora,idaei,0,1,0,0,0,NA,1,1,1
Aphididae_Amphorophora_rubi,Aphididae,,Amphorophora,rubi,0,1,0,0,0,NA,1,1,1
Aphididae_Amphorophora_rubicumberlandi,Aphididae,,Amphorophora,rubicumberlandi,NA,NA,NA,0,0,NA,NA,NA,NA
Aphididae_Aphis_acaenovinae,Aphididae,,Aphis,acaenovinae,2,0,1,0,0,NA,NA,NA,NA
Aphididae_Aphis_acetosae,Aphididae,,Aphis,acetosae,NA,NA,NA,0,0,NA,NA,NA,NA
Aphididae_Aphis_affinis,Aphididae,,Aphis,affinis,2,0,1,0,0,1,0,1,0
Aphididae_Aphis_anuraphoides,Aphididae,,Aphis,anuraphoides,NA,NA,NA,0,0,NA,NA,NA,NA
Aphididae_Aphis_arbuti,Aphididae,,Aphis,arbuti,NA,NA,NA,0,0,NA,NA,NA,NA
Aphididae_Aphis_armata,Aphididae,,Aphis,armata,NA,NA,NA,0,0,NA,NA,NA,NA
Aphididae_Aphis_ceanothi,Aphididae,,Aphis,ceanothi,2,0,1,0,0,NA,2,0,1
Aphididae_Aphis_chloris,Aphididae,,Aphis,chloris,2,0,1,0,0,1,0,1,0
Aphididae_Aphis_commensalis,Aphididae,,Aphis,commensalis,2,0,1,0,0,NA,2,0,1
Aphididae_Aphis_coprosmae,Aphididae,,Aphis,coprosmae,NA,NA,NA,0,0,NA,NA,NA,NA
Aphididae_Aphis_cornifoliae,Aphididae,,Aphis,cornifoliae,2,0,1,0,0,NA,1,1,1
Aphididae_Aphis_coronillae,Aphididae,,Aphis,coronillae,1,1,1,0,0,1,0,1,0
Aphididae_Aphis_cottieri,Aphididae,,Aphis,cottieri,NA,NA,NA,0,0,NA,NA,NA,NA
Aphididae_Aphis_craccae,Aphididae,,Aphis,craccae,0,1,0,0,0,1,0,1,0
Aphididae_Aphis_craccivora,Aphididae,,Aphis,craccivora,0,1,0,0,1,1,2,0,1
Aphididae_Aphis_crassicauda,Aphididae,,Aphis,crassicauda,2,0,1,0,0,NA,2,0,1
Aphididae_Aphis_cytisorum,Aphididae,,Aphis,cytisorum,0,1,0,0,0,1,2,0,1
Aphididae_Aphis_decepta,Aphididae,,Aphis,decepta,NA,NA,NA,0,0,NA,NA,NA,NA
Aphididae_Aphis_egomae,Aphididae,,Aphis,egomae,NA,NA,NA,0,0,NA,NA,NA,NA
Aphididae_Aphis_epilobiaria,Aphididae,,Aphis,epilobiaria,0,1,0,0,0,NA,0,1,0
Aphididae_Aphis_epilobii,Aphididae,,Aphis,epilobii,0,1,0,0,0,0,0,1,0
Aphididae_Aphis_equiseticola,Aphididae,,Aphis,equiseticola,0,1,0,0,0,NA,0,1,0
Aphididae_Aphis_euphorbiae,Aphididae,,Aphis,euphorbiae,NA,NA,NA,0,0,NA,NA,NA,NA
Aphididae_Aphis_farinosa,Aphididae,,Aphis,farinosa,2,0,1,0,0,NA,NA,NA,NA
Aphididae_Aphis_fukii,Aphididae,,Aphis,fukii,2,0,1,0,0,NA,NA,NA,NA
Aphididae_Aphis_healyi,Aphididae,,Aphis,healyi,NA,NA,NA,0,0,NA,NA,NA,NA
Aphididae_Aphis_hederae,Aphididae,,Aphis,hederae,1,1,1,0,1,NA,0,1,0
Aphididae_Aphis_holodisci,Aphididae,,Aphis,holodisci,NA,NA,NA,0,0,NA,NA,NA,NA
Aphididae_Aphis_holoenotherae,Aphididae,,Aphis,holoenotherae,0,1,0,0,0,NA,0,1,0
Aphididae_Aphis_hypochoeridis,Aphididae,,Aphis,hypochoeridis,NA,NA,NA,0,0,NA,NA,NA,NA
Aphididae_Aphis_idaei,Aphididae,,Aphis,idaei,2,0,1,0,0,NA,1,1,1
Aphididae_Aphis_impatientis,Aphididae,,Aphis,impatientis,0,1,0,0,0,NA,0,1,0
Aphididae_Aphis_intybi,Aphididae,,Aphis,intybi,2,0,1,0,0,1,0,1,0
Aphididae_Aphis_jacobaeae,Aphididae,,Aphis,jacobaeae,NA,NA,NA,0,0,NA,NA,NA,NA
Aphididae_Aphis_lamiorum,Aphididae,,Aphis,lamiorum,2,0,1,0,0,1,0,1,0
Aphididae_Aphis_lugentis,Aphididae,,Aphis,lugentis,0,1,0,0,0,NA,0,1,0
Aphididae_Aphis_lupini,Aphididae,,Aphis,lupini,2,0,1,0,0,NA,0,1,0
Aphididae_Aphis_manitobensis,Aphididae,,Aphis,manitobensis,2,0,1,0,0,NA,2,0,1
Aphididae_Aphis_middletonii,Aphididae,,Aphis,middletonii,NA,NA,NA,0,1,NA,NA,NA,NA
Aphididae_Aphis_minima,Aphididae,,Aphis,minima,2,0,1,0,0,NA,2,0,1
Aphididae_Aphis_neilliae,Aphididae,,Aphis,neilliae,2,0,1,0,0,NA,2,0,1
Aphididae_Aphis_neogillettei,Aphididae,,Aphis,neogillettei,2,0,1,0,0,NA,1,1,1
Aphididae_Aphis_neospiraeae,Aphididae,,Aphis,neospiraeae,NA,NA,NA,0,0,NA,NA,NA,NA
Aphididae_Aphis_newtoni,Aphididae,,Aphis,newtoni,2,0,1,0,0,1,0,1,0
Aphididae_Aphis_oestlundi,Aphididae,,Aphis,oestlundi,2,0,1,0,0,NA,0,1,0
Aphididae_Aphis_pomi,Aphididae,,Aphis,pomi,2,0,1,0,0,1,2,0,1
Aphididae_Aphis_praeterita,Aphididae,,Aphis,praeterita,0,1,0,0,0,0,0,1,0
Aphididae_Aphis_pulchella,Aphididae,,Aphis,pulchella,0,1,0,0,0,NA,1,1,1
Aphididae_Aphis_punicae,Aphididae,,Aphis,punicae,0,1,0,0,1,NA,2,0,1
Aphididae_Aphis_rubifolii,Aphididae,,Aphis,rubifolii,2,0,1,0,0,NA,1,1,1
Aphididae_Aphis_ruborum,Aphididae,,Aphis,ruborum,1,1,1,0,0,1,1,1,1
Aphididae_Aphis_rumicis,Aphididae,,Aphis,rumicis,2,0,1,0,0,1,0,1,0
Aphididae_Aphis_salviae,Aphididae,,Aphis,salviae,2,0,1,0,0,NA,0,1,0
Aphididae_Aphis_sanguisorbicola,Aphididae,,Aphis,sanguisorbicola,NA,NA,NA,0,0,NA,NA,NA,NA
Aphididae_Aphis_schneideri,Aphididae,,Aphis,schneideri,2,0,1,0,0,1,2,0,1
Aphididae_Aphis_sedi,Aphididae,,Aphis,sedi,2,0,1,0,0,1,1,1,1
Aphididae_Aphis_spiraephila,Aphididae,,Aphis,spiraephila,NA,NA,NA,0,0,NA,NA,NA,NA
Aphididae_Aphis_taraxacicola,Aphididae,,Aphis,taraxacicola,2,0,1,0,0,1,0,1,0
Aphididae_Aphis_terricola,Aphididae,,Aphis,terricola,2,0,1,0,0,NA,NA,NA,NA
Aphididae_Aphis_teucrii,Aphididae,,Aphis,teucrii,NA,NA,NA,0,0,NA,NA,NA,NA
Aphididae_Aphis_ulmariae,Aphididae,,Aphis,ulmariae,0,1,0,0,0,1,0,1,0
Aphididae_Aphis_umbrella,Aphididae,,Aphis,umbrella,0,1,0,0,0,1,0,1,0
Aphididae_Aphis_urticata,Aphididae,,Aphis,urticata,2,0,1,0,0,1,0,1,0
Aphididae_Aphis_vaccinii,Aphididae,,Aphis,vaccinii,0,1,0,0,0,1,1,1,1
Aphididae_Aphis_vandergooti,Aphididae,,Aphis,vandergooti,2,0,1,0,0,1,0,1,0
Aphididae_Aphis_veratri,Aphididae,,Aphis,veratri,2,0,1,0,0,NA,0,1,0
Aphididae_Aphis_viburni,Aphididae,,Aphis,viburni,2,0,1,0,1,1,2,0,1
Aphididae_Aphis_viburniphila,Aphididae,,Aphis,viburniphila,NA,NA,NA,0,0,NA,NA,NA,NA
Aphididae_Aphthargelia_symphoricarpi,Aphididae,,Aphthargelia,symphoricarpi,1,1,1,0,0,NA,NA,NA,NA
Aphididae_Atheroides_hirtellus,Aphididae,,Atheroides,hirtellus,2,0,1,0,0,NA,NA,NA,NA
Aphididae_Atheroides_serrulatus,Aphididae,,Atheroides,serrulatus,2,0,1,0,0,NA,NA,NA,NA
Aphididae_Aulacorthum_albimagnoliae,Aphididae,,Aulacorthum,albimagnoliae,NA,NA,NA,0,0,NA,NA,NA,NA
Aphididae_Aulacorthum_cirsicola,Aphididae,,Aulacorthum,cirsicola,NA,NA,NA,0,0,NA,NA,NA,NA
Aphididae_Aulacorthum_corydalicola,Aphididae,,Aulacorthum,corydalicola,NA,NA,NA,0,NA,NA,NA,NA,NA
Aphididae_Aulacorthum_dorsatum,Aphididae,,Aulacorthum,dorsatum,NA,NA,NA,0,0,NA,NA,NA,NA
Aphididae_Aulacorthum_ibotum,Aphididae,,Aulacorthum,ibotum,NA,NA,NA,0,NA,NA,NA,NA,NA
Aphididae_Aulacorthum_ligularicola,Aphididae,,Aulacorthum,ligularicola,NA,NA,NA,0,NA,NA,NA,NA,NA
Aphididae_Aulacorthum_magnoliae,Aphididae,,Aulacorthum,magnoliae,NA,NA,NA,0,NA,NA,NA,NA,NA
Aphididae_Aulacorthum_muradachi,Aphididae,,Aulacorthum,muradachi,NA,NA,NA,0,0,NA,NA,NA,NA
Aphididae_Aulacorthum_nipponicum,Aphididae,,Aulacorthum,nipponicum,0,1,0,0,NA,NA,NA,NA,NA
Aphididae_Aulacorthum_pterinigrum,Aphididae,,Aulacorthum,pterinigrum,0,1,0,0,NA,NA,0,1,0
Aphididae_Aulacorthum_solani,Aphididae,,Aulacorthum,solani,1,1,1,0,1,NA,1,1,1
Aphididae_Aulacorthum_vandenboschi,Aphididae,,Aulacorthum,vandenboschi,NA,NA,NA,0,NA,NA,NA,NA,NA
Aphididae_Brachycaudus_aconiti,Aphididae,,Brachycaudus,aconiti,2,0,1,0,0,NA,0,1,0
Aphididae_Brachycaudus_ballotae,Aphididae,,Brachycaudus,ballotae,NA,NA,NA,0,0,NA,NA,NA,NA
Aphididae_Brachycaudus_cerinthis,Aphididae,,Brachycaudus,cerinthis,NA,NA,NA,0,0,NA,NA,NA,NA
Aphididae_Brachycaudus_jacobi,Aphididae,,Brachycaudus,jacobi,2,0,1,0,0,NA,0,1,0
Aphididae_Brachycaudus_klugkisti,Aphididae,,Brachycaudus,klugkisti,2,0,1,0,0,NA,0,1,0
Aphididae_Brachycaudus_lamii,Aphididae,,Brachycaudus,lamii,NA,NA,NA,0,0,NA,NA,NA,NA
Aphididae_Brachycaudus_lucifugus,Aphididae,,Brachycaudus,lucifugus,2,0,1,0,0,1,0,1,0
Aphididae_Brachycaudus_lychnicola,Aphididae,,Brachycaudus,lychnicola,2,0,1,0,0,NA,0,1,0
Aphididae_Brachycaudus_lychnidis,Aphididae,,Brachycaudus,lychnidis,2,0,1,0,0,NA,0,1,0
Aphididae_Brachycaudus_mordvilkoi,Aphididae,,Brachycaudus,mordvilkoi,2,0,1,0,1,NA,0,1,0
Aphididae_Brachycaudus_napelli,Aphididae,,Brachycaudus,napelli,2,0,1,0,0,NA,0,1,0
Aphididae_Brachycaudus_pilosus,Aphididae,,Brachycaudus,pilosus,2,0,1,0,0,NA,2,0,1
Aphididae_Brachycaudus_populi,Aphididae,,Brachycaudus,populi,1,1,1,0,0,NA,0,1,0
Aphididae_Brachycaudus_rumexicolens,Aphididae,,Brachycaudus,rumexicolens,2,0,1,0,0,NA,0,1,0
Aphididae_Brachycaudus_salicinae,Aphididae,,Brachycaudus,salicinae,NA,NA,NA,0,0,NA,NA,NA,NA
Aphididae_Brachycaudus_schwartzi,Aphididae,,Brachycaudus,schwartzi,NA,NA,NA,0,0,NA,NA,NA,NA
Aphididae_Brachycaudus_sedi,Aphididae,,Brachycaudus,sedi,2,0,1,0,0,NA,0,1,0
Aphididae_Brachycaudus_spiraeae,Aphididae,,Brachycaudus,spiraeae,NA,NA,NA,0,0,NA,NA,NA,NA
Aphididae_Brachycaudus_tragopogonis,Aphididae,,Brachycaudus,tragopogonis,NA,NA,NA,0,0,NA,NA,NA,NA
Aphididae_Brachycorynella_asparagi,Aphididae,,Brachycorynella,asparagi,0,1,0,0,0,NA,0,1,0
Aphididae_Brachyunguis_harmalae,Aphididae,,Brachyunguis,harmalae,1,1,1,0,1,1,0,1,0
Aphididae_Braggia_agathona,Aphididae,,Braggia,agathona,0,1,0,0,0,NA,0,1,0
Aphididae_Braggia_columbiana,Aphididae,,Braggia,columbiana,0,1,0,0,0,NA,NA,NA,NA
Aphididae_Braggia_echinata,Aphididae,,Braggia,echinata,0,1,0,0,0,NA,0,1,0
Aphididae_Braggia_eriogoni,Aphididae,,Braggia,eriogoni,0,1,0,0,0,NA,NA,NA,NA
Aphididae_Braggia_longicauda,Aphididae,,Braggia,longicauda,0,1,0,0,0,NA,0,1,0
Aphididae_Braggia_urovaneta,Aphididae,,Braggia,urovaneta,0,1,0,0,0,NA,0,1,0
Aphididae_Brevicoryne_brassicae,Aphididae,,Brevicoryne,brassicae,0,1,0,0,1,NA,0,1,0
Aphididae_Caricosipha_paniculatae,Aphididae,,Caricosipha,paniculatae,2,0,1,0,0,NA,NA,NA,NA
Aphididae_Catamergus_kickapoo,Aphididae,,Catamergus,kickapoo,0,1,0,0,0,NA,NA,NA,NA
Aphididae_Chaetosiphella_stipae,Aphididae,,Chaetosiphella,stipae,2,0,1,0,1,NA,NA,NA,NA
Aphididae_Chaetosiphon_fragaefolii,Aphididae,,Chaetosiphon,fragaefolii,1,1,1,0,0,NA,0,1,0
Aphididae_Chaetosiphon_thomasi,Aphididae,,Chaetosiphon,thomasi,1,1,1,0,0,NA,0,1,0
Aphididae_Chaitophorus_capreae,Aphididae,,Chaitophorus,capreae,2,0,1,0,0,NA,2,0,1
Aphididae_Chaitophorus_leucomelas,Aphididae,,Chaitophorus,leucomelas,0,1,0,0,0,1,2,0,1
Aphididae_Chaitophorus_populialbae,Aphididae,,Chaitophorus,populialbae,1,1,1,0,0,1,2,0,1
Aphididae_Chaitophorus_populicola,Aphididae,,Chaitophorus,populicola,0,1,0,0,0,1,2,0,1
Aphididae_Chaitophorus_saliniger,Aphididae,,Chaitophorus,saliniger,2,0,1,0,0,1,2,0,1
Aphididae_Chaitophorus_stevensis,Aphididae,,Chaitophorus,stevensis,NA,NA,NA,0,0,NA,NA,NA,NA
Aphididae_Coloradoa_rufomaculata,Aphididae,,Coloradoa,rufomaculata,NA,NA,NA,0,0,NA,NA,NA,NA
Aphididae_Corylobium_avellanae,Aphididae,,Corylobium,avellanae,0,1,0,0,0,NA,2,0,1
Aphididae_Cryptosiphum_artemisiae,Aphididae,,Cryptosiphum,artemisiae,0,1,0,0,0,NA,0,1,0
Aphididae_Delphiniobium_hanla,Aphididae,,Delphiniobium,hanla,NA,NA,NA,0,0,NA,NA,NA,NA
Aphididae_Diuraphis_frequens,Aphididae,,Diuraphis,frequens,2,0,1,0,0,NA,0,1,0
Aphididae_Diuraphis_mexicana,Aphididae,,Diuraphis,mexicana,NA,NA,NA,0,0,NA,NA,NA,NA
Aphididae_Diuraphis_noxia,Aphididae,,Diuraphis,noxia,2,0,1,0,0,NA,0,1,0
Aphididae_Diuraphis_tritici,Aphididae,,Diuraphis,tritici,2,0,1,0,0,NA,0,1,0
Aphididae_Dysaphis_affinis,Aphididae,,Dysaphis,affinis,NA,NA,NA,0,0,NA,NA,NA,NA
Aphididae_Dysaphis_newskyi,Aphididae,,Dysaphis,newskyi,2,0,1,0,0,1,0,1,0
Aphididae_Elatobium_abietinum,Aphididae,,Elatobium,abietinum,0,1,0,0,0,NA,NA,NA,NA
Aphididae_Eomacrosiphon_nigromaculosum,Aphididae,,Eomacrosiphon,nigromaculosum,0,1,0,0,0,NA,2,0,1
Aphididae_Ericaphis_fimbriata,Aphididae,,Ericaphis,fimbriata,NA,NA,NA,0,1,NA,NA,NA,NA
Aphididae_Ericaphis_gentneri,Aphididae,,Ericaphis,gentneri,0,1,0,0,0,NA,1,1,1
Aphididae_Ericaphis_scammelli,Aphididae,,Ericaphis,scammelli,0,1,0,0,0,NA,1,1,1
Aphididae_Hayhurstia_atriplicis,Aphididae,,Hayhurstia,atriplicis,1,1,1,0,0,NA,0,1,0
Aphididae_Hyadaphis_tataricae,Aphididae,,Hyadaphis,tataricae,0,1,0,0,0,NA,2,0,1
Aphididae_Hyperomyzus_carduellinus,Aphididae,,Hyperomyzus,carduellinus,NA,NA,NA,0,0,NA,NA,NA,NA
Aphididae_Illinoia_crystleae,Aphididae,,Illinoia,crystleae,0,1,0,0,0,NA,2,0,1
Aphididae_Illinoia_goldamaryae,Aphididae,,Illinoia,goldamaryae,NA,NA,NA,0,0,NA,NA,NA,NA
Aphididae_Illinoia_liriodendri,Aphididae,,Illinoia,liriodendri,0,1,0,0,0,NA,2,0,1
Aphididae_Illinoia_morrisoni,Aphididae,,Illinoia,morrisoni,NA,NA,NA,0,1,NA,NA,NA,NA
Aphididae_Jacksonia_papillata,Aphididae,,Jacksonia,papillata,NA,NA,NA,0,1,NA,NA,NA,NA
Aphididae_Laingia_psammae,Aphididae,,Laingia,psammae,2,0,1,0,0,NA,NA,NA,NA
Aphididae_Liosomaphis_berberidis,Aphididae,,Liosomaphis,berberidis,0,1,0,0,0,NA,2,0,1
Aphididae_Lipaphis_erysimi,Aphididae,,Lipaphis,erysimi,2,0,1,0,0,NA,0,1,0
Aphididae_Lipaphis_pseudobrassicae,Aphididae,,Lipaphis,pseudobrassicae,2,0,1,0,0,NA,0,1,0
Aphididae_Macrosiphoniella_leucanthemi,Aphididae,,Macrosiphoniella,leucanthemi,NA,NA,NA,0,0,NA,NA,NA,NA
Aphididae_Macrosiphoniella_ludovicianae,Aphididae,,Macrosiphoniella,ludovicianae,0,1,0,0,NA,NA,0,1,0
Aphididae_Macrosiphoniella_millefolii,Aphididae,,Macrosiphoniella,millefolii,0,1,0,0,0,NA,0,1,0
Aphididae_Macrosiphoniella_sanborni,Aphididae,,Macrosiphoniella,sanborni,NA,NA,NA,0,0,NA,NA,NA,NA
Aphididae_Macrosiphoniella_subterranea,Aphididae,,Macrosiphoniella,subterranea,0,1,0,0,0,NA,0,1,0
Aphididae_Macrosiphoniella_tanacetaria,Aphididae,,Macrosiphoniella,tanacetaria,0,1,0,0,1,NA,0,1,0
Aphididae_Macrosiphoniella_yomogifoliae,Aphididae,,Macrosiphoniella,yomogifoliae,NA,NA,NA,0,NA,NA,NA,NA,NA
Aphididae_Macrosiphum_albifrons,Aphididae,,Macrosiphum,albifrons,0,1,0,0,0,NA,0,1,0
Aphididae_Macrosiphum_californicum,Aphididae,,Macrosiphum,californicum,0,1,0,0,0,NA,2,0,1
Aphididae_Macrosiphum_cholodkovskyi,Aphididae,,Macrosiphum,cholodkovskyi,0,1,0,0,1,NA,0,1,0
Aphididae_Macrosiphum_daphnidis,Aphididae,,Macrosiphum,daphnidis,0,1,0,0,0,NA,0,1,0
Aphididae_Macrosiphum_diervillae,Aphididae,,Macrosiphum,diervillae,NA,NA,NA,0,0,NA,NA,NA,NA
Aphididae_Macrosiphum_gei,Aphididae,,Macrosiphum,gei,0,1,0,0,1,NA,0,1,0
Aphididae_Macrosiphum_hellebori,Aphididae,,Macrosiphum,hellebori,0,1,0,0,0,NA,0,1,0
Aphididae_Macrosiphum_knautiae,Aphididae,,Macrosiphum,knautiae,0,1,0,0,0,NA,0,1,0
Aphididae_Macrosiphum_melampyri,Aphididae,,Macrosiphum,melampyri,0,1,0,0,1,NA,0,1,0
Aphididae_Macrosiphum_mordvilkoi,Aphididae,,Macrosiphum,mordvilkoi,NA,NA,NA,0,0,NA,NA,NA,NA
Aphididae_Macrosiphum_stanleyi,Aphididae,,Macrosiphum,stanleyi,0,1,0,0,0,NA,2,0,1
Aphididae_Macrosiphum_tuberculaceps,Aphididae,,Macrosiphum,tuberculaceps,0,1,0,0,0,NA,0,1,0
Aphididae_Megoura_brevipilosa,Aphididae,,Megoura,brevipilosa,0,1,0,0,0,NA,2,0,1
Aphididae_Megoura_litoralis,Aphididae,,Megoura,litoralis,0,1,0,0,0,NA,0,1,0
Aphididae_Megoura_nigra,Aphididae,,Megoura,nigra,0,1,0,0,0,NA,0,1,0
Aphididae_Megoura_viciae,Aphididae,,Megoura,viciae,0,1,0,0,0,NA,0,1,0
Aphididae_Melanaphis_donacis,Aphididae,,Melanaphis,donacis,2,0,1,0,0,1,0,1,0
Aphididae_Melanaphis_japonica,Aphididae,,Melanaphis,japonica,0,1,0,0,0,NA,0,1,0
Aphididae_Melanaphis_luzulella,Aphididae,,Melanaphis,luzulella,2,0,1,0,0,1,0,1,0
Aphididae_Metopeurum_fuscoviride,Aphididae,,Metopeurum,fuscoviride,2,0,1,0,0,1,0,1,0
Aphididae_Microparsus_singularis,Aphididae,,Microparsus,singularis,2,0,1,0,0,NA,2,0,1
Aphididae_Myzaphis_rosarum,Aphididae,,Myzaphis,rosarum,2,0,1,0,0,NA,0,1,0
Aphididae_Myzodium_modestum,Aphididae,,Myzodium,modestum,0,1,0,0,1,NA,NA,NA,NA
Aphididae_Myzus_ascalonicus,Aphididae,,Myzus,ascalonicus,NA,NA,NA,0,1,NA,NA,NA,NA
Aphididae_Myzus_ornatus,Aphididae,,Myzus,ornatus,0,1,0,0,1,NA,1,1,1
Aphididae_Nasonovia_aquilegiae,Aphididae,,Nasonovia,aquilegiae,0,1,0,0,0,NA,0,1,0
Aphididae_Nasonovia_cynosbati,Aphididae,,Nasonovia,cynosbati,0,1,0,0,1,NA,2,0,1
Aphididae_Nasonovia_purpurascens,Aphididae,,Nasonovia,purpurascens,0,1,0,0,1,NA,0,1,0
Aphididae_Nasonovia_takala,Aphididae,,Nasonovia,takala,0,1,0,0,0,NA,0,1,0
Aphididae_Neoamphorophora_kalmiae,Aphididae,,Neoamphorophora,kalmiae,0,1,0,0,0,NA,2,0,1
Aphididae_Neomyzus_circumflexum,Aphididae,,Neomyzus,circumflexum,NA,NA,NA,0,1,NA,NA,NA,NA
Aphididae_Obtusicauda_coweni,Aphididae,,Obtusicauda,coweni,0,1,0,0,0,NA,0,1,0
Aphididae_Paradoxaphis_aristoteliae,Aphididae,,Paradoxaphis,aristoteliae,NA,NA,NA,0,0,NA,NA,NA,NA
Aphididae_Paradoxaphis_plagianthi,Aphididae,,Paradoxaphis,plagianthi,NA,NA,NA,0,1,NA,NA,NA,NA
Aphididae_Peltaphis_hottesi,Aphididae,,Peltaphis,hottesi,2,0,1,0,0,NA,NA,NA,NA
Aphididae_Pentalonia_nigronervosa,Aphididae,,Pentalonia,nigronervosa,0,1,0,0,0,NA,NA,NA,NA
Aphididae_Periphyllus_bulgaricus,Aphididae,,Periphyllus,bulgaricus,0,1,0,0,0,NA,2,0,1
Aphididae_Periphyllus_lyropictus,Aphididae,,Periphyllus,lyropictus,0,1,0,0,0,1,2,0,1
Aphididae_Periphyllus_negundinis,Aphididae,,Periphyllus,negundinis,2,0,1,0,0,NA,2,0,1
Aphididae_Periphyllus_testudinaceus,Aphididae,,Periphyllus,testudinaceus,0,1,0,0,0,1,2,0,1
Aphididae_Pleotrichophorus_pseudoglandulosus,Aphididae,,Pleotrichophorus,pseudoglandulosus,2,0,1,0,0,NA,0,1,0
Aphididae_Plocamaphis_flocculosa,Aphididae,,Plocamaphis,flocculosa,0,1,0,0,0,NA,2,0,1
Aphididae_Pseudoepameibaphis_glauca,Aphididae,,Pseudoepameibaphis,glauca,2,0,1,0,0,NA,0,1,0
Aphididae_Pterocomma_bailangense,Aphididae,,Pterocomma,bailangense,NA,NA,NA,0,0,NA,NA,NA,NA
Aphididae_Pterocomma_beulahense,Aphididae,,Pterocomma,beulahense,NA,NA,NA,0,0,NA,NA,NA,NA
Aphididae_Pterocomma_neimongolense,Aphididae,,Pterocomma,neimongolense,NA,NA,NA,0,0,NA,NA,NA,NA
Aphididae_Pterocomma_pilosum,Aphididae,,Pterocomma,pilosum,0,1,0,0,0,1,2,0,1
Aphididae_Pterocomma_populifoliae,Aphididae,,Pterocomma,populifoliae,0,1,0,0,0,NA,2,0,1
Aphididae_Pterocomma_sanguiceps,Aphididae,,Pterocomma,sanguiceps,NA,NA,NA,0,0,NA,NA,NA,NA
Aphididae_Pterocomma_smithiae,Aphididae,,Pterocomma,smithiae,0,1,0,0,0,NA,2,0,1
Aphididae_Rhodobium_porosum,Aphididae,,Rhodobium,porosum,0,1,0,0,0,NA,0,1,0
Aphididae_Sanbornia_juniperi,Aphididae,,Sanbornia,juniperi,0,1,0,0,0,NA,2,0,1
Aphididae_Schizaphis_graminum,Aphididae,,Schizaphis,graminum,0,1,0,0,0,1,0,1,0
Aphididae_Schizaphis_scirpi,Aphididae,,Schizaphis,scirpi,0,1,0,0,1,1,0,1,0
Aphididae_Sipha_arenarii,Aphididae,,Sipha,arenarii,2,0,1,0,0,NA,0,1,0
Aphididae_Sipha_elegans,Aphididae,,Sipha,elegans,2,0,1,0,0,NA,0,1,0
Aphididae_Sipha_flava,Aphididae,,Sipha,flava,2,0,1,0,0,0,0,1,0
Aphididae_Sipha_maydis,Aphididae,,Sipha,maydis,2,0,1,0,0,1,0,1,0
Aphididae_Siphonatrophia_cupressi,Aphididae,,Siphonatrophia,cupressi,1,1,1,0,0,NA,2,0,1
Aphididae_Sitobion_avenae,Aphididae,,Sitobion,avenae,0,1,0,0,1,NA,0,1,0
Aphididae_Thripsaphis_ballii,Aphididae,,Thripsaphis,ballii,2,0,1,0,0,NA,0,1,0
Aphididae_Toxoptera_aurantii,Aphididae,,Toxoptera,aurantii,NA,NA,NA,0,1,NA,NA,NA,NA
Aphididae_Toxoptera_citricidus,Aphididae,,Toxoptera,citricidus,NA,NA,NA,0,1,NA,NA,NA,NA
Aphididae_Toxoptera_odinae,Aphididae,,Toxoptera,odinae,NA,NA,NA,0,1,NA,NA,NA,NA
Aphididae_Tuberocephalus_momonis,Aphididae,,Tuberocephalus,momonis,0,1,0,0,0,NA,NA,NA,NA
Aphididae_Uroleucon_aeneum,Aphididae,,Uroleucon,aeneum,0,1,0,0,0,NA,0,1,0
Aphididae_Uroleucon_ambrosiae,Aphididae,,Uroleucon,ambrosiae,0,1,0,0,0,NA,0,1,0
Aphididae_Uroleucon_astronomus,Aphididae,,Uroleucon,astronomus,0,1,0,0,0,NA,0,1,0
Aphididae_Uroleucon_caligatum,Aphididae,,Uroleucon,caligatum,NA,NA,NA,0,0,NA,NA,NA,NA
Aphididae_Uroleucon_erigeronensis,Aphididae,,Uroleucon,erigeronensis,0,1,0,0,0,NA,NA,NA,NA
Aphididae_Uroleucon_eupatoricolens,Aphididae,,Uroleucon,eupatoricolens,0,1,0,0,0,NA,0,1,0
Aphididae_Uroleucon_eupatorifoliae,Aphididae,,Uroleucon,eupatorifoliae,0,1,0,0,0,NA,0,1,0
Aphididae_Uroleucon_gobonis,Aphididae,,Uroleucon,gobonis,0,1,0,0,0,NA,0,1,0
Aphididae_Uroleucon_jaceicola,Aphididae,,Uroleucon,jaceicola,2,0,1,0,0,NA,0,1,0
Aphididae_Uroleucon_luteolum,Aphididae,,Uroleucon,luteolum,0,1,0,0,0,NA,0,1,0
Aphididae_Uroleucon_nigrotibium,Aphididae,,Uroleucon,nigrotibium,NA,NA,NA,0,0,NA,NA,NA,NA
Aphididae_Uroleucon_obscurum,Aphididae,,Uroleucon,obscurum,0,1,0,0,0,NA,0,1,0
Aphididae_Uroleucon_rapunculoidis,Aphididae,,Uroleucon,rapunculoidis,NA,NA,NA,0,0,NA,NA,NA,NA
Aphididae_Uroleucon_rudbeckiae,Aphididae,,Uroleucon,rudbeckiae,0,1,0,0,0,NA,0,1,0
Aphididae_Uroleucon_rurale,Aphididae,,Uroleucon,rurale,0,1,0,0,0,NA,0,1,0
Aphididae_Uroleucon_solidaginis,Aphididae,,Uroleucon,solidaginis,0,1,0,0,0,NA,0,1,0
Aphididae_Uroleucon_sonchi,Aphididae,,Uroleucon,sonchi,2,0,1,0,0,NA,0,1,0
Aphididae_Uroleucon_tanaceti,Aphididae,,Uroleucon,tanaceti,0,1,0,0,0,NA,0,1,0
Aphididae_Uroleucon_taraxaci,Aphididae,,Uroleucon,taraxaci,2,0,1,0,0,NA,0,1,0
Aphididae_Xerobion_cinae,Aphididae,,Xerobion,cinae,0,1,0,0,0,NA,NA,NA,NA
Drepanosiphidae_Boernerina_variabilis,Drepanosiphidae,,Boernerina,variabilis,2,0,1,0,0,NA,2,0,1
Drepanosiphidae_Calaphis_flava,Drepanosiphidae,,Calaphis,flava,0,1,0,0,0,NA,2,0,1
Drepanosiphidae_Callipterinella_calliptera,Drepanosiphidae,,Callipterinella,calliptera,0,1,0,0,0,NA,2,0,1
Drepanosiphidae_Chromaphis_juglandicola,Drepanosiphidae,,Chromaphis,juglandicola,0,1,0,0,0,NA,NA,NA,NA
Drepanosiphidae_Clethrobius_comes,Drepanosiphidae,,Clethrobius,comes,0,1,0,0,0,NA,NA,NA,NA
Drepanosiphidae_Dasyaphis_rhusae,Drepanosiphidae,,Dasyaphis,rhusae,0,1,0,0,0,NA,NA,NA,NA
Drepanosiphidae_Drepanaphis_carolinensis,Drepanosiphidae,,Drepanaphis,carolinensis,0,1,0,0,0,NA,NA,NA,NA
Drepanosiphidae_Drepanaphis_kanzensis,Drepanosiphidae,,Drepanaphis,kanzensis,0,1,0,0,0,NA,NA,NA,NA
Drepanosiphidae_Drepanaphis_simpsoni,Drepanosiphidae,,Drepanaphis,simpsoni,0,1,0,0,0,NA,NA,NA,NA
Drepanosiphidae_Drepanaphis_utahensis,Drepanosiphidae,,Drepanaphis,utahensis,0,1,0,0,0,NA,NA,NA,NA
Drepanosiphidae_Drepanosiphum_oregonensis,Drepanosiphidae,,Drepanosiphum,oregonensis,0,1,0,0,0,NA,NA,NA,NA
Drepanosiphidae_Drepanosiphum_platanoidis,Drepanosiphidae,,Drepanosiphum,platanoidis,0,1,0,0,0,NA,NA,NA,NA
Drepanosiphidae_Hoplocallis_picta,Drepanosiphidae,,Hoplocallis,picta,NA,NA,NA,0,0,NA,NA,NA,NA
Drepanosiphidae_Monaphis_antennata,Drepanosiphidae,,Monaphis,antennata,0,1,0,0,0,NA,2,0,1
Drepanosiphidae_Myzocallis_bellus,Drepanosiphidae,,Myzocallis,bellus,NA,NA,NA,0,0,NA,NA,NA,NA
Drepanosiphidae_Myzocallis_coryli,Drepanosiphidae,,Myzocallis,coryli,0,1,0,0,0,NA,NA,NA,NA
Drepanosiphidae_Myzocallis_punctatus,Drepanosiphidae,,Myzocallis,punctatus,NA,NA,NA,0,0,NA,NA,NA,NA
Drepanosiphidae_Oestlundiella_flava,Drepanosiphidae,,Oestlundiella,flava,0,1,0,0,0,NA,2,0,1
Drepanosiphidae_Panaphis_juglandis,Drepanosiphidae,,Panaphis,juglandis,0,1,0,0,0,1,2,0,1
Drepanosiphidae_Shivaphis_celti,Drepanosiphidae,,Shivaphis,celti,0,1,0,0,0,NA,2,0,1
Drepanosiphidae_Sinochaitophorus_maoi,Drepanosiphidae,,Sinochaitophorus,maoi,NA,NA,NA,0,0,NA,NA,NA,NA
Drepanosiphidae_Subsaltusaphis_virginica,Drepanosiphidae,,Subsaltusaphis,virginica,NA,NA,NA,0,0,NA,NA,NA,NA
Drepanosiphidae_Symydobius_americanus,Drepanosiphidae,,Symydobius,americanus,2,0,1,0,0,1,2,0,1
Drepanosiphidae_Symydobius_kabae,Drepanosiphidae,,Symydobius,kabae,1,1,1,0,0,NA,2,0,1
Drepanosiphidae_Tamalia_coweni,Drepanosiphidae,,Tamalia,coweni,0,1,0,0,0,NA,1,1,1
Drepanosiphidae_Tamalia_inquilina,Drepanosiphidae,,Tamalia,inquilina,0,1,0,0,0,NA,1,1,1
Drepanosiphidae_Therioaphis_trifolii,Drepanosiphidae,,Therioaphis,trifolii,0,1,0,0,0,NA,0,1,0
Drepanosiphidae_Tinocallis_takachihoensis,Drepanosiphidae,,Tinocallis,takachihoensis,0,1,0,0,0,NA,2,0,1
Drepanosiphidae_Tinocallis_ulmifolii,Drepanosiphidae,,Tinocallis,ulmifolii,0,1,0,0,0,NA,2,0,1
Drepanosiphidae_Tinocallis_zelkowae,Drepanosiphidae,,Tinocallis,zelkowae,0,1,0,0,0,NA,1,1,1
Drepanosiphidae_Tuberculatus_annulatus,Drepanosiphidae,,Tuberculatus,annulatus,0,1,0,0,0,NA,2,0,1
Drepanosiphidae_Tuberculatus_capitatus,Drepanosiphidae,,Tuberculatus,capitatus,0,1,0,0,0,1,2,0,1
Drepanosiphidae_Tuberculatus_indicus,Drepanosiphidae,,Tuberculatus,indicus,0,1,0,0,0,1,2,0,1
Drepanosiphidae_Tuberculatus_japonicus,Drepanosiphidae,,Tuberculatus,japonicus,0,1,0,0,0,NA,NA,NA,NA
Drepanosiphidae_Tuberculatus_kasiwae,Drepanosiphidae,,Tuberculatus,kasiwae,0,1,0,0,0,NA,NA,NA,NA
Drepanosiphidae_Tuberculatus_kuricola,Drepanosiphidae,,Tuberculatus,kuricola,0,1,0,0,0,1,2,0,1
Drepanosiphidae_Tuberculatus_pilosulus,Drepanosiphidae,,Tuberculatus,pilosulus,0,1,0,0,0,NA,NA,NA,NA
Drepanosiphidae_Tuberculatus_stigmatus,Drepanosiphidae,,Tuberculatus,stigmatus,0,1,0,0,0,NA,NA,NA,NA
Drepanosiphidae_Tuberculatus_yokoyamai,Drepanosiphidae,,Tuberculatus,yokoyamai,0,1,0,0,0,NA,NA,NA,NA
Greenideidae_Cervaphis_quercus,Greenideidae,,Cervaphis,quercus,NA,NA,NA,0,0,NA,NA,NA,NA
Greenideidae_Greenidea_artocarpi,Greenideidae,,Greenidea,artocarpi,NA,NA,NA,0,1,NA,NA,NA,NA
Greenideidae_Greenidea_ficicola,Greenideidae,,Greenidea,ficicola,NA,NA,NA,0,1,NA,NA,NA,NA
Greenideidae_Greenidea_nipponica,Greenideidae,,Greenidea,nipponica,NA,NA,NA,0,0,NA,NA,NA,NA
Greenideidae_Greenidea_psidii,Greenideidae,,Greenidea,psidii,NA,NA,NA,0,1,NA,NA,NA,NA
Greenideidae_Mollitrichosiphum_montanum,Greenideidae,,Mollitrichosiphum,montanum,NA,NA,NA,0,0,NA,NA,NA,NA
Greenideidae_Mollitrichosiphum_nandii,Greenideidae,,Mollitrichosiphum,nandii,NA,NA,NA,0,0,NA,NA,NA,NA
Greenideidae_Mollitrichosiphum_tenuicorpus,Greenideidae,,Mollitrichosiphum,tenuicorpus,NA,NA,NA,0,1,NA,NA,NA,NA
Greenideidae_Schoutedenia_emblica,Greenideidae,,Schoutedenia,emblica,2,0,1,0,0,1,1,1,1
Lachnidae_Cinara_acutirostris,Lachnidae,,Cinara,acutirostris,2,0,1,0,0,NA,2,0,1
Lachnidae_Cinara_anelia,Lachnidae,,Cinara,anelia,NA,NA,NA,0,0,NA,NA,NA,NA
Lachnidae_Cinara_atlantica,Lachnidae,,Cinara,atlantica,0,1,0,0,0,NA,2,0,1
Lachnidae_Cinara_atra,Lachnidae,,Cinara,atra,2,0,1,0,0,NA,2,0,1
Lachnidae_Cinara_atrotibialis,Lachnidae,,Cinara,atrotibialis,NA,NA,NA,0,0,NA,NA,NA,NA
Lachnidae_Cinara_brevisaeta,Lachnidae,,Cinara,brevisaeta,NA,NA,NA,0,0,NA,NA,NA,NA
Lachnidae_Cinara_bungeanae,Lachnidae,,Cinara,bungeanae,NA,NA,NA,0,0,NA,NA,NA,NA
Lachnidae_Cinara_caliente,Lachnidae,,Cinara,caliente,0,1,0,0,0,NA,2,0,1
Lachnidae_Cinara_cedri,Lachnidae,,Cinara,cedri,0,1,0,0,0,NA,2,0,1
Lachnidae_Cinara_coloradensis,Lachnidae,,Cinara,coloradensis,NA,NA,NA,0,0,NA,NA,NA,NA
Lachnidae_Cinara_costata,Lachnidae,,Cinara,costata,0,1,0,0,0,0,2,0,1
Lachnidae_Cinara_cuneomaculata,Lachnidae,,Cinara,cuneomaculata,0,1,0,0,0,1,2,0,1
Lachnidae_Cinara_cupressi,Lachnidae,,Cinara,cupressi,NA,NA,NA,0,0,NA,2,0,1
Lachnidae_Cinara_curvipes,Lachnidae,,Cinara,curvipes,0,1,0,0,0,NA,2,0,1
Lachnidae_Cinara_dubia,Lachnidae,,Cinara,dubia,NA,NA,NA,0,0,NA,NA,NA,NA
Lachnidae_Cinara_edulis,Lachnidae,,Cinara,edulis,1,1,1,0,0,NA,2,0,1
Lachnidae_Cinara_etsuhoe,Lachnidae,,Cinara,etsuhoe,NA,NA,NA,0,0,NA,NA,NA,NA
Lachnidae_Cinara_formosana,Lachnidae,,Cinara,formosana,0,1,0,0,0,NA,2,0,1
Lachnidae_Cinara_fornacula,Lachnidae,,Cinara,fornacula,0,1,0,0,0,0,2,0,1
Lachnidae_Cinara_fresai,Lachnidae,,Cinara,fresai,NA,NA,NA,0,0,NA,NA,NA,NA
Lachnidae_Cinara_glabra,Lachnidae,,Cinara,glabra,0,1,0,0,0,NA,2,0,1
Lachnidae_Cinara_juniperi,Lachnidae,,Cinara,juniperi,NA,NA,NA,0,0,NA,2,0,1
Lachnidae_Cinara_juniperivora,Lachnidae,,Cinara,juniperivora,NA,NA,NA,0,0,NA,NA,NA,NA
Lachnidae_Cinara_largirostris,Lachnidae,,Cinara,largirostris,NA,NA,NA,0,0,NA,NA,NA,NA
Lachnidae_Cinara_laricifex,Lachnidae,,Cinara,laricifex,0,1,0,0,0,NA,2,0,1
Lachnidae_Cinara_laricis,Lachnidae,,Cinara,laricis,0,1,0,0,0,NA,2,0,1
Lachnidae_Cinara_longipennis,Lachnidae,,Cinara,longipennis,0,1,0,0,0,NA,NA,NA,NA
Lachnidae_Cinara_mordvilkoi,Lachnidae,,Cinara,mordvilkoi,2,0,1,0,0,NA,2,0,1
Lachnidae_Cinara_nigra,Lachnidae,,Cinara,nigra,0,1,0,0,0,NA,2,0,1
Lachnidae_Cinara_occidentalis,Lachnidae,,Cinara,occidentalis,0,1,0,0,0,1,2,0,1
Lachnidae_Cinara_orientalis,Lachnidae,,Cinara,orientalis,0,1,0,0,0,NA,NA,NA,NA
Lachnidae_Cinara_pergandei,Lachnidae,,Cinara,pergandei,0,1,0,0,0,NA,2,0,1
Lachnidae_Cinara_piceae,Lachnidae,,Cinara,piceae,2,0,1,0,0,NA,2,0,1
Lachnidae_Cinara_pilicornis,Lachnidae,,Cinara,pilicornis,0,1,0,0,0,NA,2,0,1
Lachnidae_Cinara_pinea,Lachnidae,,Cinara,pinea,0,1,0,0,0,NA,2,0,1
Lachnidae_Cinara_piniarmandicola,Lachnidae,,Cinara,piniarmandicola,NA,NA,NA,0,0,NA,NA,NA,NA
Lachnidae_Cinara_pinikoraiensis,Lachnidae,,Cinara,pinikoraiensis,NA,NA,NA,0,0,NA,NA,NA,NA
Lachnidae_Cinara_piniphila,Lachnidae,,Cinara,piniphila,NA,NA,NA,0,0,NA,NA,NA,NA
Lachnidae_Cinara_pinivora,Lachnidae,,Cinara,pinivora,0,1,0,0,0,NA,2,0,1
Lachnidae_Cinara_ponderosae,Lachnidae,,Cinara,ponderosae,0,1,0,0,0,NA,2,0,1
Lachnidae_Cinara_pseudotaxifoliae,Lachnidae,,Cinara,pseudotaxifoliae,0,1,0,0,0,1,2,0,1
Lachnidae_Cinara_schwarzii,Lachnidae,,Cinara,schwarzii,NA,NA,NA,0,0,NA,NA,NA,NA
Lachnidae_Cinara_strobi,Lachnidae,,Cinara,strobi,0,1,0,0,0,NA,2,0,1
Lachnidae_Cinara_terminalis,Lachnidae,,Cinara,terminalis,NA,NA,NA,0,0,NA,NA,NA,NA
Lachnidae_Cinara_tujafilina,Lachnidae,,Cinara,tujafilina,0,1,0,0,0,NA,2,0,1
Lachnidae_Cinara_villosa,Lachnidae,,Cinara,villosa,NA,NA,NA,0,0,NA,NA,NA,NA
Lachnidae_Cinara_wahtolca,Lachnidae,,Cinara,wahtolca,0,1,0,0,0,NA,2,0,1
Lachnidae_Cinara_watsoni,Lachnidae,,Cinara,watsoni,0,1,0,0,0,NA,2,0,1
Lachnidae_Essigella_fusca,Lachnidae,,Essigella,fusca,2,0,1,0,0,NA,2,0,1
Lachnidae_Essigella_knowltoni,Lachnidae,,Essigella,knowltoni,NA,NA,NA,0,0,NA,NA,NA,NA
Lachnidae_Eulachnus_alticola,Lachnidae,,Eulachnus,alticola,NA,NA,NA,0,0,NA,NA,NA,NA
Lachnidae_Eulachnus_brevpilosus,Lachnidae,,Eulachnus,brevpilosus,NA,NA,NA,0,0,NA,NA,NA,NA
Lachnidae_Eulachnus_nigricola,Lachnidae,,Eulachnus,nigricola,0,1,0,0,0,NA,2,0,1
Lachnidae_Eulachnus_rileyi,Lachnidae,,Eulachnus,rileyi,0,1,0,0,0,NA,2,0,1
Lachnidae_Lachnus_longirostris,Lachnidae,,Lachnus,longirostris,2,0,1,0,0,NA,NA,NA,NA
Lachnidae_Lachnus_quercihabitans,Lachnidae,,Lachnus,quercihabitans,NA,NA,NA,0,0,NA,NA,NA,NA
Lachnidae_Lachnus_roboris,Lachnidae,,Lachnus,roboris,0,1,0,0,0,NA,2,0,1
Lachnidae_Lachnus_tropicalis,Lachnidae,,Lachnus,tropicalis,0,1,0,0,0,NA,2,0,1
Lachnidae_Longistigma_caryae,Lachnidae,,Longistigma,caryae,0,1,0,0,0,NA,2,0,1
Lachnidae_Longistigma_liquidambarus,Lachnidae,,Longistigma,liquidambarus,NA,NA,NA,0,1,NA,NA,NA,NA
Lachnidae_Maculolachnus_sijpkensi,Lachnidae,,Maculolachnus,sijpkensi,2,0,1,0,0,NA,2,0,1
Lachnidae_Maculolachnus_submacula,Lachnidae,,Maculolachnus,submacula,2,0,1,0,0,1,0,1,0
Lachnidae_Nippolachnus_piri,Lachnidae,,Nippolachnus,piri,0,1,0,0,0,NA,NA,NA,NA
Lachnidae_Protrama_flavescens,Lachnidae,,Protrama,flavescens,NA,NA,NA,0,0,NA,NA,NA,NA
Lachnidae_Protrama_radicis,Lachnidae,,Protrama,radicis,NA,NA,NA,0,0,NA,NA,NA,NA
Lachnidae_Protrama_ranunculi,Lachnidae,,Protrama,ranunculi,NA,NA,NA,0,0,NA,NA,NA,NA
Lachnidae_Pterochloroides_persicae,Lachnidae,,Pterochloroides,persicae,0,1,0,0,0,1,2,0,1
Lachnidae_Schizolachnus_curvispinosus,Lachnidae,,Schizolachnus,curvispinosus,0,1,0,0,0,NA,2,0,1
Lachnidae_Schizolachnus_orientalis,Lachnidae,,Schizolachnus,orientalis,0,1,0,0,0,NA,2,0,1
Lachnidae_Stomaphis_aphananth,Lachnidae,,Stomaphis,aphananth,2,0,1,0,0,NA,NA,NA,NA
Lachnidae_Stomaphis_fagi,Lachnidae,,Stomaphis,fagi,2,0,1,0,0,NA,2,0,1
Lachnidae_Stomaphis_graffii,Lachnidae,,Stomaphis,graffii,2,0,1,0,0,1,2,0,1
Lachnidae_Stomaphis_japonica,Lachnidae,,Stomaphis,japonica,2,0,1,0,0,NA,NA,NA,NA
Lachnidae_Stomaphis_pini,Lachnidae,,Stomaphis,pini,2,0,1,0,0,NA,2,0,1
Lachnidae_Stomaphis_quercus,Lachnidae,,Stomaphis,quercus,2,0,1,0,1,NA,NA,NA,NA
Lachnidae_Stomaphis_yanonis,Lachnidae,,Stomaphis,yanonis,2,0,1,0,1,NA,NA,NA,NA
Lachnidae_Trama_maritima,Lachnidae,,Trama,maritima,NA,NA,NA,0,0,NA,NA,NA,NA
Lachnidae_Trama_troglodytes,Lachnidae,,Trama,troglodytes,2,0,1,0,0,NA,NA,NA,NA
Lachnidae_Tuberolachnus_salignus,Lachnidae,,Tuberolachnus,salignus,NA,NA,NA,0,0,NA,NA,NA,NA
Mindaridae_Mindarus_obliquus,Mindaridae,,Mindarus,obliquus,2,0,1,0,0,NA,NA,NA,NA
Phylloxeridae_Phylloxera_coccinea,Phylloxeridae,,Phylloxera,coccinea,2,0,1,0,0,NA,NA,NA,NA
Thelaxidae_Thelaxes_suberi,Thelaxidae,,Thelaxes,suberi,2,0,1,0,0,NA,2,0,1
Adelgidae_Adelges_cooleyi,Adelgidae,,Adelges,cooleyi,2,0,1,1,0,NA,NA,NA,NA
Adelgidae_Adelges_glandulae,Adelgidae,,Adelges,glandulae,2,0,1,1,0,NA,NA,NA,NA
Adelgidae_Adelges_kitamiensis,Adelgidae,,Adelges,kitamiensis,2,0,1,1,0,NA,NA,NA,NA
Adelgidae_Adelges_lariciatus,Adelgidae,,Adelges,lariciatus,2,0,1,1,0,NA,NA,NA,NA
Adelgidae_Adelges_laricis,Adelgidae,,Adelges,laricis,2,0,1,1,0,NA,NA,NA,NA
Adelgidae_Adelges_nordmannianae,Adelgidae,,Adelges,nordmannianae,2,0,1,1,0,NA,NA,NA,NA
Adelgidae_Adelges_pectinatae,Adelgidae,,Adelges,pectinatae,2,0,1,1,0,NA,NA,NA,NA
Adelgidae_Adelges_piceae,Adelgidae,,Adelges,piceae,NA,NA,NA,1,0,NA,NA,NA,NA
Adelgidae_Adelges_tsugae,Adelgidae,,Adelges,tsugae,2,0,1,1,0,NA,NA,NA,NA
Adelgidae_Adelges_viridis,Adelgidae,,Adelges,viridis,2,0,1,1,0,NA,NA,NA,NA
Adelgidae_Pineus_armandicola,Adelgidae,,Pineus,armandicola,2,0,1,1,0,NA,NA,NA,NA
Adelgidae_Pineus_cembrae,Adelgidae,,Pineus,cembrae,2,0,1,1,0,NA,NA,NA,NA
Adelgidae_Pineus_orientalis,Adelgidae,,Pineus,orientalis,2,0,1,1,0,NA,NA,NA,NA
Aphididae_Allocotaphis_quaestionis,Aphididae,,Allocotaphis,quaestionis,NA,NA,NA,1,1,NA,NA,NA,NA
Aphididae_Anuraphis_catonii,Aphididae,,Anuraphis,catonii,NA,NA,NA,1,1,NA,NA,NA,NA
Aphididae_Anuraphis_farfarae,Aphididae,,Anuraphis,farfarae,NA,NA,NA,1,1,NA,NA,NA,NA
Aphididae_Anuraphis_pyrilaseri,Aphididae,,Anuraphis,pyrilaseri,NA,NA,NA,1,1,NA,NA,NA,NA
Aphididae_Anuraphis_subterranea,Aphididae,,Anuraphis,subterranea,NA,NA,NA,1,1,NA,NA,NA,NA
Aphididae_Aphis_coreopsidis,Aphididae,,Aphis,coreopsidis,0,1,0,1,1,1,2,0,1
Aphididae_Aphis_fabae,Aphididae,,Aphis,fabae,0,1,0,1,1,1,2,0,1
Aphididae_Aphis_frangulae,Aphididae,,Aphis,frangulae,0,1,0,1,1,NA,NA,NA,NA
Aphididae_Aphis_glycines,Aphididae,,Aphis,glycines,0,1,0,1,1,NA,NA,NA,NA
Aphididae_Aphis_gossypii,Aphididae,,Aphis,gossypii,1,1,1,1,1,NA,1,1,1
Aphididae_Aphis_grossulariae,Aphididae,,Aphis,grossulariae,2,0,1,1,1,NA,NA,NA,NA
Aphididae_Aphis_helianthi,Aphididae,,Aphis,helianthi,2,0,1,1,1,NA,NA,NA,NA
Aphididae_Aphis_horii,Aphididae,,Aphis,horii,NA,NA,NA,1,1,NA,NA,NA,NA
Aphididae_Aphis_hyperici,Aphididae,,Aphis,hyperici,0,1,0,1,0,NA,0,1,0
Aphididae_Aphis_illinoisensis,Aphididae,,Aphis,illinoisensis,NA,NA,NA,1,1,NA,NA,NA,NA
Aphididae_Aphis_maculatae,Aphididae,,Aphis,maculatae,NA,NA,NA,1,1,NA,NA,NA,NA
Aphididae_Aphis_mimuli,Aphididae,,Aphis,mimuli,NA,NA,NA,1,1,NA,NA,NA,NA
Aphididae_Aphis_nasturtii,Aphididae,,Aphis,nasturtii,0,1,0,1,1,NA,NA,NA,NA
Aphididae_Aphis_oenotherae,Aphididae,,Aphis,oenotherae,0,1,0,1,1,NA,NA,NA,NA
Aphididae_Aphis_salicariae,Aphididae,,Aphis,salicariae,0,1,0,1,1,NA,NA,NA,NA
Aphididae_Aphis_solanella,Aphididae,,Aphis,solanella,0,1,0,1,1,NA,NA,NA,NA
Aphididae_Aphis_spiraecola,Aphididae,,Aphis,spiraecola,2,0,1,1,1,NA,NA,NA,NA
Aphididae_Aphis_triglochinis,Aphididae,,Aphis,triglochinis,0,1,0,1,1,NA,NA,NA,NA
Aphididae_Aphis_varians,Aphididae,,Aphis,varians,2,0,1,1,1,NA,NA,NA,NA
Aphididae_Brachycaudus_amygdalinus,Aphididae,,Brachycaudus,amygdalinus,NA,NA,NA,1,1,NA,NA,NA,NA
Aphididae_Brachycaudus_bicolor,Aphididae,,Brachycaudus,bicolor,NA,NA,NA,1,1,NA,NA,NA,NA
Aphididae_Brachycaudus_cardui,Aphididae,,Brachycaudus,cardui,NA,NA,NA,1,1,NA,NA,NA,NA
Aphididae_Brachycaudus_cerasicola,Aphididae,,Brachycaudus,cerasicola,NA,NA,NA,1,1,NA,NA,NA,NA
Aphididae_Brachycaudus_divaricatae,Aphididae,,Brachycaudus,divaricatae,0,1,0,1,1,NA,NA,NA,NA
Aphididae_Brachycaudus_helichrysi,Aphididae,,Brachycaudus,helichrysi,0,1,0,1,1,NA,NA,NA,NA
Aphididae_Brachycaudus_lateralis,Aphididae,,Brachycaudus,lateralis,0,1,0,1,1,NA,NA,NA,NA
Aphididae_Brachycaudus_persicae,Aphididae,,Brachycaudus,persicae,NA,NA,NA,1,1,NA,NA,NA,NA
Aphididae_Brachycaudus_prunicola,Aphididae,,Brachycaudus,prunicola,0,1,0,1,1,NA,NA,NA,NA
Aphididae_Capitophorus_elaeagni,Aphididae,,Capitophorus,elaeagni,0,1,0,1,1,NA,1,1,1
Aphididae_Capitophorus_hippophaes,Aphididae,,Capitophorus,hippophaes,0,1,0,1,1,NA,NA,NA,NA
Aphididae_Capitophorus_xanthii,Aphididae,,Capitophorus,xanthii,0,1,0,1,1,NA,1,1,1
Aphididae_Carolinaia_rhois,Aphididae,,Carolinaia,rhois,NA,NA,NA,1,1,NA,NA,NA,NA
Aphididae_Cavariella_aegopodii,Aphididae,,Cavariella,aegopodii,0,1,0,1,1,NA,NA,NA,NA
Aphididae_Cavariella_konoi,Aphididae,,Cavariella,konoi,0,1,0,1,1,NA,NA,NA,NA
Aphididae_Cavariella_pastinacae,Aphididae,,Cavariella,pastinacae,NA,NA,NA,1,1,NA,NA,NA,NA
Aphididae_Cavariella_salicicola,Aphididae,,Cavariella,salicicola,NA,NA,NA,1,1,NA,NA,NA,NA
Aphididae_Cavariella_theobaldi,Aphididae,,Cavariella,theobaldi,0,1,0,1,1,NA,NA,NA,NA
Aphididae_Ceruraphis_viburnicola,Aphididae,,Ceruraphis,viburnicola,NA,NA,NA,1,1,NA,NA,NA,NA
Aphididae_Cryptomyzus_galeopsidis,Aphididae,,Cryptomyzus,galeopsidis,0,1,0,1,1,NA,NA,NA,NA
Aphididae_Cryptomyzus_maudamanti,Aphididae,,Cryptomyzus,maudamanti,0,1,0,1,1,NA,NA,NA,NA
Aphididae_Cryptomyzus_ribis,Aphididae,,Cryptomyzus,ribis,2,0,1,1,1,NA,2,0,1
Aphididae_Dysaphis_plantaginea,Aphididae,,Dysaphis,plantaginea,0,1,0,1,1,NA,NA,NA,NA
Aphididae_Dysaphis_pyri,Aphididae,,Dysaphis,pyri,0,1,0,1,1,NA,NA,NA,NA
Aphididae_Dysaphis_ranunculi,Aphididae,,Dysaphis,ranunculi,0,1,0,1,1,NA,NA,NA,NA
Aphididae_Dysaphis_reaumuri,Aphididae,,Dysaphis,reaumuri,NA,NA,NA,1,1,NA,NA,NA,NA
Aphididae_Dysaphis_rumecicola,Aphididae,,Dysaphis,rumecicola,NA,NA,NA,1,1,NA,NA,NA,NA
Aphididae_Dysaphis_sorbi,Aphididae,,Dysaphis,sorbi,0,1,0,1,1,NA,NA,NA,NA
Aphididae_Ericaphis_wakibae,Aphididae,,Ericaphis,wakibae,NA,NA,NA,1,1,NA,NA,NA,NA
Aphididae_Hyadaphis_coriandri,Aphididae,,Hyadaphis,coriandri,NA,NA,NA,1,1,NA,NA,NA,NA
Aphididae_Hyadaphis_foeniculi,Aphididae,,Hyadaphis,foeniculi,0,1,0,1,1,NA,NA,NA,NA
Aphididae_Hyalopterus_pruni,Aphididae,,Hyalopterus,pruni,NA,NA,NA,1,1,NA,NA,NA,NA
Aphididae_Hydronaphis_impatiens,Aphididae,,Hydronaphis,impatiens,0,1,0,1,1,NA,NA,NA,NA
Aphididae_Hyperomyzus_lactucae,Aphididae,,Hyperomyzus,lactucae,0,1,0,1,1,NA,NA,NA,NA
Aphididae_Hyperomyzus_pallidus,Aphididae,,Hyperomyzus,pallidus,0,1,0,1,1,NA,NA,NA,NA
Aphididae_Hyperomyzus_rhinanthi,Aphididae,,Hyperomyzus,rhinanthi,0,1,0,1,1,NA,NA,NA,NA
Aphididae_Longicaudus_trirhodus,Aphididae,,Longicaudus,trirhodus,NA,NA,NA,1,1,NA,NA,NA,NA
Aphididae_Macrosiphum_euphorbiae,Aphididae,,Macrosiphum,euphorbiae,NA,NA,NA,1,1,NA,NA,NA,NA
Aphididae_Macrosiphum_impatientis,Aphididae,,Macrosiphum,impatientis,NA,NA,NA,1,1,NA,NA,NA,NA
Aphididae_Macrosiphum_rosae,Aphididae,,Macrosiphum,rosae,NA,NA,NA,1,1,NA,NA,NA,NA
Aphididae_Mastopoda_pteridis,Aphididae,,Mastopoda,pteridis,NA,NA,NA,1,1,NA,NA,NA,NA
Aphididae_Melanaphis_bambusae,Aphididae,,Melanaphis,bambusae,NA,NA,NA,1,1,NA,NA,NA,NA
Aphididae_Metopolophium_dirhodum,Aphididae,,Metopolophium,dirhodum,0,1,0,1,1,NA,NA,NA,NA
Aphididae_Muscaphis_escherichi,Aphididae,,Muscaphis,escherichi,NA,NA,NA,1,1,NA,NA,NA,NA
Aphididae_Myzus_cerasi,Aphididae,,Myzus,cerasi,0,1,0,1,1,NA,NA,NA,NA
Aphididae_Myzus_lythri,Aphididae,,Myzus,lythri,NA,NA,NA,1,1,NA,NA,NA,NA
Aphididae_Myzus_mumecola,Aphididae,,Myzus,mumecola,NA,NA,NA,1,1,NA,NA,NA,NA
Aphididae_Myzus_persicae,Aphididae,,Myzus,persicae,0,1,0,1,1,NA,NA,NA,NA
Aphididae_Myzus_varians,Aphididae,,Myzus,varians,NA,NA,NA,1,1,NA,NA,NA,NA
Aphididae_Nasonovia_ribisnigri,Aphididae,,Nasonovia,ribisnigri,0,1,0,1,1,NA,NA,NA,NA
Aphididae_Nearctaphis_bakeri,Aphididae,,Nearctaphis,bakeri,NA,NA,NA,1,1,NA,NA,NA,NA
Aphididae_Nearctaphis_crataegifoliae,Aphididae,,Nearctaphis,crataegifoliae,NA,NA,NA,1,1,NA,NA,NA,NA
Aphididae_Nearctaphis_sensoriata,Aphididae,,Nearctaphis,sensoriata,0,1,0,1,1,NA,1,1,1
Aphididae_Phorodon_humuli,Aphididae,,Phorodon,humuli,0,1,0,1,1,NA,NA,NA,NA
Aphididae_Rhopalomyzus_lonicerae,Aphididae,,Rhopalomyzus,lonicerae,0,1,0,1,1,NA,NA,NA,NA
Aphididae_Rhopalosiphum_cerasifoliae,Aphididae,,Rhopalosiphum,cerasifoliae,NA,NA,NA,1,1,NA,NA,NA,NA
Aphididae_Rhopalosiphum_enigmae,Aphididae,,Rhopalosiphum,enigmae,0,1,0,1,1,NA,0,1,0
Aphididae_Rhopalosiphum_inserta,Aphididae,,Rhopalosiphum,inserta,NA,NA,NA,1,1,NA,NA,NA,NA
Aphididae_Rhopalosiphum_insertum,Aphididae,,Rhopalosiphum,insertum,0,1,0,1,1,NA,NA,NA,NA
Aphididae_Rhopalosiphum_maidis,Aphididae,,Rhopalosiphum,maidis,NA,NA,NA,1,1,NA,NA,NA,NA
Aphididae_Rhopalosiphum_musae,Aphididae,,Rhopalosiphum,musae,0,1,0,1,1,NA,2,0,1
Aphididae_Rhopalosiphum_nymphaeae,Aphididae,,Rhopalosiphum,nymphaeae,0,1,0,1,1,NA,NA,NA,NA
Aphididae_Rhopalosiphum_padi,Aphididae,,Rhopalosiphum,padi,0,1,0,1,1,NA,NA,NA,NA
Aphididae_Rhopalosiphum_rufiabdominalis,Aphididae,,Rhopalosiphum,rufiabdominalis,NA,NA,NA,1,1,NA,NA,NA,NA
Aphididae_Schizaphis_rotundiventris,Aphididae,,Schizaphis,rotundiventris,0,1,0,1,1,NA,2,0,1
Aphididae_Utamphorophora_humboldti,Aphididae,,Utamphorophora,humboldti,0,1,0,1,1,NA,NA,NA,NA
Aphididae_Wahlgreniella_nervata,Aphididae,,Wahlgreniella,nervata,NA,NA,NA,1,1,NA,NA,NA,NA
Pemphigidae_Asiphonella_dactylonii,Pemphigidae,,Asiphonella,dactylonii,2,0,1,1,1,NA,NA,NA,NA
Pemphigidae_Mordvilkoja_vagabunda,Pemphigidae,,Mordvilkoja,vagabunda,2,0,1,1,1,NA,NA,NA,NA
Anoeciidae_Anoecia_cornicola,Anoeciidae,Anoeciinae,Anoecia,cornicola,2,0,1,NA,1,NA,NA,NA,NA
Anoeciidae_Anoecia_fulviabdominalis,Anoeciidae,Anoeciinae,Anoecia,fulviabdominalis,NA,NA,NA,NA,1,NA,NA,NA,NA
Aphididae_Asiphonaphis_pruni,Aphididae,Eriosomatinae,Asiphonaphis,pruni,2,0,1,NA,0,NA,2,0,1
Asteraceae_Schlechtendalia_chinensis,Asteraceae,Eriosomatinae,Schlechtendalia,chinensis,2,0,1,NA,1,NA,NA,NA,NA
Asteraceae_Schlechtendalia_peitan,Asteraceae,Eriosomatinae,Schlechtendalia,peitan,2,0,1,NA,1,NA,NA,NA,NA
Pemphigidae_Aploneura_lentisci,Pemphigidae,Eriosomatinae,Aploneura,lentisci,2,0,1,NA,1,NA,NA,NA,NA
Pemphigidae_Baizongia_pistaciae,Pemphigidae,Eriosomatinae,Baizongia,pistaciae,2,0,1,NA,1,NA,NA,NA,NA
Pemphigidae_Clydesmithia_canadensis,Pemphigidae,Eriosomatinae,Clydesmithia,canadensis,2,0,1,NA,0,NA,NA,NA,NA
Pemphigidae_Epipemphigus_niisimae,Pemphigidae,Eriosomatinae,Epipemphigus,niisimae,2,0,1,NA,1,NA,NA,NA,NA
Pemphigidae_Forda_formicaria,Pemphigidae,Eriosomatinae,Forda,formicaria,2,0,1,NA,1,NA,NA,NA,NA
Pemphigidae_Forda_marginata,Pemphigidae,Eriosomatinae,Forda,marginata,2,0,1,NA,1,NA,NA,NA,NA
Pemphigidae_Forda_riccobonii,Pemphigidae,Eriosomatinae,Forda,riccobonii,2,0,1,NA,1,NA,NA,NA,NA
Pemphigidae_Geoica_utricularia,Pemphigidae,Eriosomatinae,Geoica,utricularia,2,0,1,NA,1,NA,NA,NA,NA
Pemphigidae_Geoica_wertheimae,Pemphigidae,Eriosomatinae,Geoica,wertheimae,2,0,1,NA,1,NA,NA,NA,NA
Pemphigidae_Geopemphigus_floccosus,Pemphigidae,Eriosomatinae,Geopemphigus,floccosus,2,0,1,NA,1,NA,NA,NA,NA
Pemphigidae_Grylloprociphilus_imbricator,Pemphigidae,Eriosomatinae,Grylloprociphilus,imbricator,2,0,1,NA,1,NA,NA,NA,NA
Pemphigidae_Kaburagia_rhusicola,Pemphigidae,Eriosomatinae,Kaburagia,rhusicola,2,0,1,NA,1,NA,NA,NA,NA
Pemphigidae_Melaphis_rhois,Pemphigidae,Eriosomatinae,Melaphis,rhois,2,0,1,NA,1,NA,NA,NA,NA
Pemphigidae_Neoprociphilus_aceris,Pemphigidae,Eriosomatinae,Neoprociphilus,aceris,2,0,1,NA,1,NA,NA,NA,NA
Pemphigidae_Nurudea_shiraii,Pemphigidae,Eriosomatinae,Nurudea,shiraii,2,0,1,NA,NA,NA,NA,NA,NA
Pemphigidae_Nurudea_yanoniella,Pemphigidae,Eriosomatinae,Nurudea,yanoniella,2,0,1,NA,NA,NA,NA,NA,NA
Pemphigidae_Pachypappa_marsupialis,Pemphigidae,Eriosomatinae,Pachypappa,marsupialis,2,0,1,NA,NA,NA,NA,NA,NA
Pemphigidae_Pachypappa_pseudobyrsa,Pemphigidae,Eriosomatinae,Pachypappa,pseudobyrsa,2,0,1,NA,NA,NA,NA,NA,NA
Pemphigidae_Pachypappa_rosettei,Pemphigidae,Eriosomatinae,Pachypappa,rosettei,2,0,1,NA,1,NA,NA,NA,NA
Pemphigidae_Pachypappa_sacculi,Pemphigidae,Eriosomatinae,Pachypappa,sacculi,2,0,1,NA,1,NA,NA,NA,NA
Pemphigidae_Paracletus_cimiciformis,Pemphigidae,Eriosomatinae,Paracletus,cimiciformis,2,0,1,NA,1,NA,NA,NA,NA
Pemphigidae_Pemphigus_betae,Pemphigidae,Eriosomatinae,Pemphigus,betae,2,0,1,NA,1,NA,NA,NA,NA
Pemphigidae_Pemphigus_borealis,Pemphigidae,Eriosomatinae,Pemphigus,borealis,2,0,1,NA,1,NA,NA,NA,NA
Pemphigidae_Pemphigus_bursarius,Pemphigidae,Eriosomatinae,Pemphigus,bursarius,2,0,1,NA,1,NA,NA,NA,NA
Pemphigidae_Pemphigus_matsumurai,Pemphigidae,Eriosomatinae,Pemphigus,matsumurai,2,0,1,NA,1,NA,NA,NA,NA
Pemphigidae_Pemphigus_monophagus,Pemphigidae,Eriosomatinae,Pemphigus,monophagus,2,0,1,NA,0,NA,NA,NA,NA
Pemphigidae_Pemphigus_nortonii,Pemphigidae,Eriosomatinae,Pemphigus,nortonii,2,0,1,NA,NA,NA,NA,NA,NA
Pemphigidae_Pemphigus_obesinymphae,Pemphigidae,Eriosomatinae,Pemphigus,obesinymphae,2,0,1,NA,1,NA,NA,NA,NA
Pemphigidae_Pemphigus_populi,Pemphigidae,Eriosomatinae,Pemphigus,populi,2,0,1,NA,1,NA,NA,NA,NA
Pemphigidae_Pemphigus_populiglobuli,Pemphigidae,Eriosomatinae,Pemphigus,populiglobuli,2,0,1,NA,NA,NA,NA,NA,NA
Pemphigidae_Pemphigus_populiramulorum,Pemphigidae,Eriosomatinae,Pemphigus,populiramulorum,2,0,1,NA,NA,NA,NA,NA,NA
Pemphigidae_Pemphigus_populitransversus,Pemphigidae,Eriosomatinae,Pemphigus,populitransversus,2,0,1,NA,1,NA,NA,NA,NA
Pemphigidae_Pemphigus_populivenae,Pemphigidae,Eriosomatinae,Pemphigus,populivenae,2,0,1,NA,1,NA,NA,NA,NA
Pemphigidae_Pemphigus_spyrothecae,Pemphigidae,Eriosomatinae,Pemphigus,spyrothecae,2,0,1,NA,0,NA,NA,NA,NA
Pemphigidae_Prociphilus_americanus,Pemphigidae,Eriosomatinae,Prociphilus,americanus,2,0,1,NA,1,NA,NA,NA,NA
Pemphigidae_Prociphilus_caryae,Pemphigidae,Eriosomatinae,Prociphilus,caryae,2,0,1,NA,1,NA,NA,NA,NA
Pemphigidae_Prociphilus_fraxinifolii,Pemphigidae,Eriosomatinae,Prociphilus,fraxinifolii,2,0,1,NA,0,NA,NA,NA,NA
Pemphigidae_Prociphilus_pini,Pemphigidae,Eriosomatinae,Prociphilus,pini,2,0,1,NA,1,NA,NA,NA,NA
Pemphigidae_Prociphilus_tessellatus,Pemphigidae,Eriosomatinae,Prociphilus,tessellatus,2,0,1,NA,1,NA,NA,NA,NA
Pemphigidae_Prociphilus_xylostei,Pemphigidae,Eriosomatinae,Prociphilus,xylostei,2,0,1,NA,1,NA,NA,NA,NA
Pemphigidae_Slavum_wertheimae,Pemphigidae,Eriosomatinae,Slavum,wertheimae,2,0,1,NA,0,NA,NA,NA,NA
Pemphigidae_Smynthurodes_betae,Pemphigidae,Eriosomatinae,Smynthurodes,betae,2,0,1,NA,1,NA,NA,NA,NA
Pemphigidae_Thecabius_populimonilis,Pemphigidae,Eriosomatinae,Thecabius,populimonilis,2,0,1,NA,0,NA,NA,NA,NA
Pemphigidae_Tiliphagus_lycoposugus,Pemphigidae,Eriosomatinae,Tiliphagus,lycoposugus,2,0,1,NA,1,NA,NA,NA,NA
Aphididae_Quadrartus_yoshinomiyai,Aphididae,Hormaphidinae,Quadrartus,yoshinomiyai,NA,NA,NA,NA,1,NA,NA,NA,NA
Hormaphididae_Astegopteryx_bambucifoliae,Hormaphididae,Hormaphidinae,Astegopteryx,bambucifoliae,2,0,1,NA,1,NA,NA,NA,NA
Hormaphididae_Astegopteryx_basalis,Hormaphididae,Hormaphidinae,Astegopteryx,basalis,2,0,1,NA,1,NA,NA,NA,NA
Hormaphididae_Astegopteryx_formosana,Hormaphididae,Hormaphidinae,Astegopteryx,formosana,2,0,1,NA,1,NA,NA,NA,NA
Hormaphididae_Astegopteryx_malaccensis,Hormaphididae,Hormaphidinae,Astegopteryx,malaccensis,2,0,1,NA,1,NA,NA,NA,NA
Hormaphididae_Cerataphis_bambusifoliae,Hormaphididae,Hormaphidinae,Cerataphis,bambusifoliae,2,0,1,NA,1,NA,NA,NA,NA
Hormaphididae_Cerataphis_brasiliensis,Hormaphididae,Hormaphidinae,Cerataphis,brasiliensis,2,0,1,NA,1,NA,NA,NA,NA
Hormaphididae_Cerataphis_jamuritsu,Hormaphididae,Hormaphidinae,Cerataphis,jamuritsu,2,0,1,NA,1,NA,NA,NA,NA
Hormaphididae_Cerataphis_vandermeermohri,Hormaphididae,Hormaphidinae,Cerataphis,vandermeermohri,2,0,1,NA,NA,NA,NA,NA,NA
Hormaphididae_Ceratoglyphina_bambusae,Hormaphididae,Hormaphidinae,Ceratoglyphina,bambusae,2,0,1,NA,1,NA,NA,NA,NA
Hormaphididae_Ceratoglyphina_roepkei,Hormaphididae,Hormaphidinae,Ceratoglyphina,roepkei,2,0,1,NA,1,NA,NA,NA,NA
Hormaphididae_Ceratoglyphina_styracicola,Hormaphididae,Hormaphidinae,Ceratoglyphina,styracicola,2,0,1,NA,1,NA,NA,NA,NA
Hormaphididae_Ceratovacuna_japonica,Hormaphididae,Hormaphidinae,Ceratovacuna,japonica,2,0,1,NA,1,NA,NA,NA,NA
Hormaphididae_Ceratovacuna_lanigera,Hormaphididae,Hormaphidinae,Ceratovacuna,lanigera,NA,NA,NA,NA,0,NA,NA,NA,NA
Hormaphididae_Ceratovacuna_nekoashi,Hormaphididae,Hormaphidinae,Ceratovacuna,nekoashi,2,0,1,NA,1,NA,NA,NA,NA
Hormaphididae_Hamamelistes_betulinus,Hormaphididae,Hormaphidinae,Hamamelistes,betulinus,2,0,1,NA,1,NA,NA,NA,NA
Hormaphididae_Hamamelistes_kagamii,Hormaphididae,Hormaphidinae,Hamamelistes,kagamii,2,0,1,NA,1,NA,NA,NA,NA
Hormaphididae_Hamamelistes_miyabei,Hormaphididae,Hormaphidinae,Hamamelistes,miyabei,2,0,1,NA,1,NA,NA,NA,NA
Hormaphididae_Hamamelistes_spinosus,Hormaphididae,Hormaphidinae,Hamamelistes,spinosus,2,0,1,NA,1,NA,NA,NA,NA
Hormaphididae_Hormaphis_betulae,Hormaphididae,Hormaphidinae,Hormaphis,betulae,2,0,1,NA,1,NA,NA,NA,NA
Hormaphididae_Hormaphis_cornu,Hormaphididae,Hormaphidinae,Hormaphis,cornu,2,0,1,NA,1,NA,NA,NA,NA
Hormaphididae_Hormaphis_hamamelidis,Hormaphididae,Hormaphidinae,Hormaphis,hamamelidis,2,0,1,NA,0,NA,NA,NA,NA
Hormaphididae_Neohormaphis_wuyiensis,Hormaphididae,Hormaphidinae,Neohormaphis,wuyiensis,2,0,1,NA,1,NA,NA,NA,NA
Hormaphididae_Nipponaphis_distychii,Hormaphididae,Hormaphidinae,Nipponaphis,distychii,2,0,1,NA,NA,NA,NA,NA,NA
Hormaphididae_Nipponaphis_distyliicola,Hormaphididae,Hormaphidinae,Nipponaphis,distyliicola,2,0,1,NA,1,NA,NA,NA,NA
Hormaphididae_Nipponaphis_monzeni,Hormaphididae,Hormaphidinae,Nipponaphis,monzeni,2,0,1,NA,1,NA,NA,NA,NA
Hormaphididae_Pseudoregma_bambucicola,Hormaphididae,Hormaphidinae,Pseudoregma,bambucicola,2,0,1,NA,1,NA,NA,NA,NA
Hormaphididae_Pseudoregma_koshunensis,Hormaphididae,Hormaphidinae,Pseudoregma,koshunensis,2,0,1,NA,1,NA,NA,NA,NA
Hormaphididae_Pseudoregma_panicola,Hormaphididae,Hormaphidinae,Pseudoregma,panicola,NA,NA,NA,NA,0,NA,NA,NA,NA
Hormaphididae_Pseudoregma_sundanica,Hormaphididae,Hormaphidinae,Pseudoregma,sundanica,2,0,1,NA,1,NA,NA,NA,NA
Hormaphididae_Tuberaphis_coreana,Hormaphididae,Hormaphidinae,Tuberaphis,coreana,2,0,1,NA,1,NA,NA,NA,NA
Hormaphididae_Tuberaphis_leeuweni,Hormaphididae,Hormaphidinae,Tuberaphis,leeuweni,2,0,1,NA,0,NA,NA,NA,NA
Hormaphididae_Tuberaphis_styraci,Hormaphididae,Hormaphidinae,Tuberaphis,styraci,2,0,1,NA,0,NA,NA,NA,NA
Hormaphididae_Tuberaphis_sumatrana,Hormaphididae,Hormaphidinae,Tuberaphis,sumatrana,2,0,1,NA,NA,NA,NA,NA,NA
Hormaphididae_Tuberaphis_takenouchii,Hormaphididae,Hormaphidinae,Tuberaphis,takenouchii,2,0,1,NA,1,NA,NA,NA,NA